{
  "gallery": [
    {
      "key": "eventName",
      "type": "string",
      "required": true
    },
    {
      "key": "description",
      "type": "string",
      "required": false
    },
    {
      "key": "posterUrl",
      "type": "string",
      "required": true
    },
    {
      "key": "driveLink",
      "type": "string",
      "required": true
    },
    {
      "key": "eventDate",
      "type": "string",
      "required": true
    },
    {
      "key": "category",
      "type": "string",
      "required": false
    },
    {
      "key": "photoCount",
      "type": "integer",
      "required": false
    },
    {
      "key": "isVisible",
      "type": "boolean",
      "required": false
    }
  ],
  "blog": [
    {
      "key": "title",
      "type": "string",
      "required": true
    },
    {
      "key": "slug",
      "type": "string",
      "required": true
    },
    {
      "key": "excerpt",
      "type": "string",
      "required": true
    },
    {
      "key": "content",
      "type": "string",
      "required": true
    },
    {
      "key": "author",
      "type": "string",
      "required": true
    },
    {
      "key": "authorRole",
      "type": "string",
      "required": false
    },
    {
      "key": "authorAvatar",
      "type": "string",
      "required": false
    },
    {
      "key": "coverImageUrl",
      "type": "string",
      "required": false
    },
    {
      "key": "category",
      "type": "string",
      "required": false
    },
    {
      "key": "tags",
      "type": "string",
      "required": false
    },
    {
      "key": "readTime",
      "type": "integer",
      "required": false
    },
    {
      "key": "isPublished",
      "type": "boolean",
      "required": false
    },
    {
      "key": "isFeatured",
      "type": "boolean",
      "required": false
    },
    {
      "key": "publishedAt",
      "type": "string",
      "required": false
    }
  ],
  "events": [
    {
      "key": "title",
      "type": "string",
      "required": true
    },
    {
      "key": "description",
      "type": "string",
      "required": true
    },
    {
      "key": "date",
      "type": "string",
      "required": true
    },
    {
      "key": "time",
      "type": "string",
      "required": false
    },
    {
      "key": "venue",
      "type": "string",
      "required": false
    },
    {
      "key": "location",
      "type": "string",
      "required": false
    },
    {
      "key": "imageUrl",
      "type": "string",
      "required": false
    },
    {
      "key": "registrationLink",
      "type": "string",
      "required": false
    },
    {
      "key": "category",
      "type": "string",
      "required": false
    },
    {
      "key": "duration",
      "type": "string",
      "required": false
    },
    {
      "key": "status",
      "type": "string",
      "required": false
    }
  ]
}